{"mean_": [76.81849808429118, 0.8593103448275862, 1014.4670191371648, 29.20386206896552, 0.21548963065134102], "scale_": [9.165714703181157, 1.8944098807825076, 1.4623143836707928, 2.0576079805601175, 0.5158282846726451]}